x_0,y_0,z_0,vis_0,x_1,y_1,z_1,vis_1,x_2,y_2,z_2,vis_2,x_3,y_3,z_3,vis_3,x_4,y_4,z_4,vis_4,x_5,y_5,z_5,vis_5,x_6,y_6,z_6,vis_6,x_7,y_7,z_7,vis_7,x_8,y_8,z_8,vis_8,x_9,y_9,z_9,vis_9,x_10,y_10,z_10,vis_10,x_11,y_11,z_11,vis_11,x_12,y_12,z_12,vis_12,x_13,y_13,z_13,vis_13,x_14,y_14,z_14,vis_14,x_15,y_15,z_15,vis_15,x_16,y_16,z_16,vis_16,x_17,y_17,z_17,vis_17,x_18,y_18,z_18,vis_18,x_19,y_19,z_19,vis_19,x_20,y_20,z_20,vis_20,x_21,y_21,z_21,vis_21,x_22,y_22,z_22,vis_22,x_23,y_23,z_23,vis_23,x_24,y_24,z_24,vis_24,x_25,y_25,z_25,vis_25,x_26,y_26,z_26,vis_26,x_27,y_27,z_27,vis_27,x_28,y_28,z_28,vis_28,x_29,y_29,z_29,vis_29,x_30,y_30,z_30,vis_30,x_31,y_31,z_31,vis_31,x_32,y_32,z_32,vis_32,label
0.43852943181991577,0.7030861377716064,-0.2502085864543915,0.9846044778823853,0.43456268310546875,0.6966553926467896,-0.2656765282154083,0.9800602197647095,0.4354266822338104,0.6944037079811096,-0.26582175493240356,0.9744548201560974,0.43637123703956604,0.6919493675231934,-0.2657467722892761,0.9830620288848877,0.432740181684494,0.6968284845352173,-0.24725499749183655,0.9839603304862976,0.4322355091571808,0.6945339441299438,-0.2475142925977707,0.9838401675224304,0.431693434715271,0.6919531226158142,-0.24766674637794495,0.993504524230957,0.4420930743217468,0.6705461740493774,-0.28761741518974304,0.9634577631950378,0.4346081018447876,0.6699853539466858,-0.20609909296035767,0.9765335321426392,0.4466066360473633,0.6964693069458008,-0.25190505385398865,0.9834206104278564,0.44450491666793823,0.6977812647819519,-0.22894667088985443,0.9867318868637085,0.4944041669368744,0.6504594683647156,-0.2766852080821991,0.9987972974777222,0.4488319456577301,0.6271718740463257,-0.12176282703876495,0.9997453689575195,0.5363414287567139,0.7373921871185303,-0.30793488025665283,0.9409294128417969,0.4450888931751251,0.6889403462409973,-0.012359202839434147,0.06303102523088455,0.5245773792266846,0.8450729250907898,-0.33326005935668945,0.9022825956344604,0.4367586672306061,0.7747244238853455,0.01138654351234436,0.5568326711654663,0.5159448385238647,0.8647550940513611,-0.3762858808040619,0.8536862730979919,0.4224257469177246,0.7822386026382446,0.005909175146371126,0.5218063592910767,0.5080337524414062,0.8536015152931213,-0.3768159747123718,0.8639736175537109,0.4254322946071625,0.7848142385482788,-0.01561293937265873,0.549444854259491,0.5105603337287903,0.8466163277626038,-0.3357720971107483,0.7081753611564636,0.4328359365463257,0.7831745743751526,0.0020023139659315348,0.46901512145996094,0.5645615458488464,0.6549643278121948,-0.05468647554516792,0.9978649616241455,0.5431389212608337,0.6534813046455383,0.05465186387300491,0.9987472891807556,0.6132963299751282,0.6887503862380981,0.11906636506319046,0.03032897412776947,0.5898331999778748,0.6802359819412231,0.193308487534523,0.0011411885498091578,0.6480419039726257,0.6762375235557556,0.27544015645980835,0.06318791210651398,0.632360577583313,0.6793881058692932,0.3601166903972626,0.0034965609665960073,0.6579304933547974,0.6666042804718018,0.28791120648384094,0.08329839259386063,0.6458021998405457,0.6731802821159363,0.37677451968193054,0.009586473926901817,0.6446133255958557,0.7179321646690369,0.24888774752616882,0.061241958290338516,0.6333035826683044,0.7126384973526001,0.35516682267189026,0.009091402404010296,4
0.43543004989624023,0.7181379795074463,-0.23588445782661438,0.9857912659645081,0.43181806802749634,0.7125237584114075,-0.2499266415834427,0.9816539287567139,0.43251553177833557,0.7106549739837646,-0.25006139278411865,0.9764904975891113,0.4332653284072876,0.7088419198989868,-0.24998123943805695,0.9844294786453247,0.43049904704093933,0.7121629118919373,-0.23270876705646515,0.9852104783058167,0.43017977476119995,0.7098056674003601,-0.23296357691287994,0.9850651025772095,0.42977043986320496,0.7072683572769165,-0.23310819268226624,0.9939954876899719,0.43883803486824036,0.691220223903656,-0.2708498537540436,0.9664596319198608,0.43359899520874023,0.6871032118797302,-0.19355687499046326,0.9783935546875,0.44334694743156433,0.7119179964065552,-0.23691631853580475,0.9847353100776672,0.4419168531894684,0.7119802236557007,-0.21562498807907104,0.9877346158027649,0.4942738115787506,0.6613109111785889,-0.25603991746902466,0.998880922794342,0.4466371536254883,0.635948896408081,-0.1113356426358223,0.999761164188385,0.5404044389724731,0.7379949688911438,-0.28458139300346375,0.9430851340293884,0.44526806473731995,0.6893820762634277,0.0015222907532006502,0.06048331409692764,0.5246679186820984,0.8451119065284729,-0.31174978613853455,0.9076029658317566,0.43681600689888,0.7740107178688049,0.036458007991313934,0.5692744851112366,0.5158800482749939,0.8647580146789551,-0.3424745798110962,0.8606038093566895,0.4224584400653839,0.7819792628288269,0.032906029373407364,0.533585250377655,0.5079590082168579,0.853495180606842,-0.3418768644332886,0.8705397248268127,0.4254855513572693,0.7836242914199829,0.013821527361869812,0.5610915422439575,0.5105389356613159,0.8465985059738159,-0.3122706115245819,0.71824711561203,0.43289369344711304,0.7811974883079529,0.028455624356865883,0.4780730605125427,0.5630586743354797,0.6631320118904114,-0.05364925041794777,0.9976635575294495,0.5430462956428528,0.6602487564086914,0.0536370687186718,0.9986617565155029,0.6161806583404541,0.6919326186180115,0.1074388399720192,0.027421975508332253,0.5927794575691223,0.6810470819473267,0.17729546129703522,0.001039964845404029,0.652664065361023,0.6771636605262756,0.24867042899131775,0.057126764208078384,0.6405847072601318,0.6786102652549744,0.33240988850593567,0.003165063913911581,0.6661033630371094,0.6664681434631348,0.259936660528183,0.0758061334490776,0.6560817956924438,0.6697279810905457,0.34777510166168213,0.008740343153476715,0.6528491377830505,0.7187224626541138,0.22535739839076996,0.055612388998270035,0.6430886387825012,0.7131581902503967,0.32784178853034973,0.008279023692011833,4
0.4326156973838806,0.7342318296432495,-0.22926832735538483,0.9868173599243164,0.4296025037765503,0.7283753752708435,-0.24225275218486786,0.9830904006958008,0.4302269220352173,0.727332592010498,-0.2423858791589737,0.9783281683921814,0.43089333176612854,0.7263209819793701,-0.24230526387691498,0.9856595993041992,0.42847970128059387,0.7274498343467712,-0.2252340018749237,0.986312210559845,0.4282081425189972,0.7256724238395691,-0.22548829019069672,0.9861288666725159,0.4278638958930969,0.7238472700119019,-0.22563005983829498,0.9944127202033997,0.4362947344779968,0.7095680236816406,-0.25969555974006653,0.9692177176475525,0.4321691691875458,0.7064634561538696,-0.18304376304149628,0.9800187945365906,0.4398588240146637,0.7309245467185974,-0.22904521226882935,0.9858507513999939,0.43890634179115295,0.7300731539726257,-0.20806510746479034,0.9885352849960327,0.4941110908985138,0.6747027039527893,-0.24239417910575867,0.998953104019165,0.4452456831932068,0.6450373530387878,-0.10143152624368668,0.9997719526290894,0.5434474945068359,0.7397830486297607,-0.2716326117515564,0.9452243447303772,0.44634780287742615,0.689739465713501,0.013827851973474026,0.05725831910967827,0.524753212928772,0.8451713919639587,-0.2986409068107605,0.9123504757881165,0.4372936189174652,0.7723742723464966,0.05646901577711105,0.5805190801620483,0.5158777832984924,0.8647759556770325,-0.3256831169128418,0.8667582273483276,0.42251527309417725,0.7805715203285217,0.0550084225833416,0.5457152128219604,0.5079704523086548,0.8534844517707825,-0.32427772879600525,0.8763390779495239,0.42557451128959656,0.7815800905227661,0.0370367169380188,0.5725430250167847,0.51054447889328,0.8465691208839417,-0.29839545488357544,0.727635383605957,0.43301257491111755,0.77910315990448,0.04914534464478493,0.48786041140556335,0.5631126761436462,0.6717501878738403,-0.053225982934236526,0.9975003600120544,0.5428053140640259,0.6641205549240112,0.053218867629766464,0.9985806941986084,0.6160935163497925,0.6945734620094299,0.10653557628393173,0.02491581439971924,0.5928026437759399,0.6811147332191467,0.17774894833564758,0.0009592754067853093,0.6526264548301697,0.6781452894210815,0.24721236526966095,0.05203111469745636,0.6410963535308838,0.6777265667915344,0.33399689197540283,0.002890055999159813,0.6658498644828796,0.6664210557937622,0.25864702463150024,0.06990820914506912,0.6562392711639404,0.6663410663604736,0.3497142195701599,0.008094102144241333,0.6544864773750305,0.7208333611488342,0.22538022696971893,0.05111771821975708,0.6433343291282654,0.7130851745605469,0.33221980929374695,0.007648141123354435,4
0.4311438500881195,0.7498108148574829,-0.22932642698287964,0.9875407218933105,0.4282599985599518,0.7438948750495911,-0.24205167591571808,0.9842168688774109,0.42907002568244934,0.7428227066993713,-0.24218939244747162,0.979786217212677,0.4299452006816864,0.7416409254074097,-0.2421056479215622,0.9866330623626709,0.4269072711467743,0.7434372305870056,-0.22494220733642578,0.9871247410774231,0.4266996681690216,0.7418555617332458,-0.22519753873348236,0.9868780374526978,0.42651674151420593,0.7400371432304382,-0.22534339129924774,0.9946873188018799,0.43534472584724426,0.724372386932373,-0.2582533657550812,0.9715142250061035,0.43115803599357605,0.7203385233879089,-0.18091461062431335,0.9812272191047668,0.4390212297439575,0.7477882504463196,-0.22869615256786346,0.9866302013397217,0.43804410099983215,0.7473706007003784,-0.2075318843126297,0.9889934659004211,0.4940446615219116,0.683844268321991,-0.24021576344966888,0.9990085363388062,0.44392451643943787,0.6515975594520569,-0.1015084758400917,0.9997769594192505,0.5463972091674805,0.741088330745697,-0.2693248391151428,0.9471895098686218,0.44676437973976135,0.6900711059570312,0.014255957677960396,0.05373607203364372,0.5251801013946533,0.8448446989059448,-0.29455235600471497,0.9150972366333008,0.43844249844551086,0.7707654237747192,0.06256435811519623,0.581939160823822,0.5160456299781799,0.8646383881568909,-0.32050466537475586,0.8698265552520752,0.4225333034992218,0.7794171571731567,0.06162814423441887,0.5481745004653931,0.5081698298454285,0.8532630801200867,-0.3197028338909149,0.8793618083000183,0.4260723888874054,0.7810998558998108,0.04437785968184471,0.5745236873626709,0.5108634233474731,0.846179187297821,-0.29443344473838806,0.7322250604629517,0.43403756618499756,0.778769314289093,0.055635079741477966,0.48942074179649353,0.5631032586097717,0.6762364506721497,-0.0529298298060894,0.9974638223648071,0.5420053005218506,0.6691768169403076,0.05292540788650513,0.9985572695732117,0.6156342029571533,0.6944065093994141,0.10790633410215378,0.02288462407886982,0.5894925594329834,0.6821539998054504,0.18270467221736908,0.0008992899674922228,0.6518693566322327,0.6757204532623291,0.252359002828598,0.0482407882809639,0.6365250945091248,0.678176760673523,0.34255990386009216,0.00267591024748981,0.6644125580787659,0.6628251671791077,0.26408159732818604,0.0655757412314415,0.6532761454582214,0.6659578680992126,0.3586583733558655,0.007615581154823303,0.6536610722541809,0.7201942801475525,0.23003102838993073,0.04815942794084549,0.6393389105796814,0.7137025594711304,0.33735358715057373,0.007213979959487915,4
0.43147191405296326,0.759458601474762,-0.23176471889019012,0.9883665442466736,0.4284856915473938,0.7539172768592834,-0.24461860954761505,0.985386848449707,0.4293251633644104,0.7527573108673096,-0.24476012587547302,0.9812941551208496,0.4302201271057129,0.7515514492988586,-0.24468021094799042,0.9876507520675659,0.42695435881614685,0.7535825371742249,-0.227817565202713,0.9879955053329468,0.4266171157360077,0.751980721950531,-0.22807079553604126,0.9876934289932251,0.4262581169605255,0.7502690553665161,-0.22821229696273804,0.9949925541877747,0.4353226125240326,0.7346231341362,-0.25970277190208435,0.9738112688064575,0.4305185377597809,0.7314272522926331,-0.184099018573761,0.982406735420227,0.43939054012298584,0.7557527422904968,-0.2306106835603714,0.9875019192695618,0.43821200728416443,0.7558332681655884,-0.20992477238178253,0.9895558953285217,0.4927506446838379,0.6932703852653503,-0.24174122512340546,0.9990735650062561,0.4430180788040161,0.6603104472160339,-0.1017502024769783,0.9997813701629639,0.5479447841644287,0.7414282560348511,-0.2730409801006317,0.9491843581199646,0.4474219083786011,0.6915819644927979,0.01701500080525875,0.050125934183597565,0.5251192450523376,0.8442148566246033,-0.2965785562992096,0.9182692170143127,0.43826255202293396,0.7705950736999512,0.06908807903528214,0.5736621618270874,0.5160427689552307,0.8648695945739746,-0.3271007835865021,0.8733965158462524,0.4224914610385895,0.7796734571456909,0.06873827427625656,0.5416123270988464,0.5080886483192444,0.8533125519752502,-0.32693251967430115,0.8827791810035706,0.4260818362236023,0.781176745891571,0.050931818783283234,0.5677568316459656,0.5106659531593323,0.8461628556251526,-0.2978469729423523,0.7372850179672241,0.43403753638267517,0.7788406014442444,0.061971668154001236,0.48203250765800476,0.5622069239616394,0.6846097111701965,-0.05279495194554329,0.9973747134208679,0.540002167224884,0.6718286871910095,0.05279510095715523,0.9984980225563049,0.6154635548591614,0.6968382000923157,0.10874783247709274,0.02089035138487816,0.5893328189849854,0.6823491454124451,0.17985664308071136,0.0008339132182300091,0.651528000831604,0.6757329106330872,0.2552987039089203,0.04412660002708435,0.6362394094467163,0.677226722240448,0.3390950560569763,0.0024535160046070814,0.6635788083076477,0.6624910235404968,0.2673131227493286,0.06086462363600731,0.6516290307044983,0.6632779836654663,0.35504305362701416,0.0070899552665650845,0.6525825262069702,0.7186861634254456,0.23200657963752747,0.04450855776667595,0.6381704211235046,0.7130574584007263,0.33747127652168274,0.006686013657599688,4
0.4292696416378021,0.7764115333557129,-0.23250889778137207,0.9893237352371216,0.4265609085559845,0.7687528729438782,-0.24521909654140472,0.9866751432418823,0.4277070462703705,0.7674347758293152,-0.2453627586364746,0.9829586148262024,0.4288100600242615,0.7659561038017273,-0.24528366327285767,0.9887625575065613,0.4245627820491791,0.76775723695755,-0.2285199761390686,0.988976240158081,0.42421409487724304,0.7655838131904602,-0.22876711189746857,0.9886385202407837,0.4238651990890503,0.7632660269737244,-0.2288949340581894,0.9953414797782898,0.43457767367362976,0.7473909258842468,-0.2593581974506378,0.9762383699417114,0.427426815032959,0.7444135546684265,-0.18414200842380524,0.9836358428001404,0.43809977173805237,0.7708190083503723,-0.2310076653957367,0.9884924292564392,0.4366653859615326,0.7717949151992798,-0.21046413481235504,0.9901872873306274,0.4910529851913452,0.7052673697471619,-0.24180136620998383,0.9991453289985657,0.44024136662483215,0.6742405891418457,-0.09895142912864685,0.9997713565826416,0.547931432723999,0.7439770698547363,-0.27177485823631287,0.9517717361450195,0.44713670015335083,0.6945802569389343,0.019166486337780952,0.04565490782260895,0.524924099445343,0.8438268303871155,-0.2969484329223633,0.9209014177322388,0.43668001890182495,0.7688054442405701,0.07716894149780273,0.526160478591919,0.5162002444267273,0.8653330206871033,-0.3240276575088501,0.8761360049247742,0.4224398732185364,0.7790240049362183,0.07851158827543259,0.4985898435115814,0.5080677270889282,0.8533371090888977,-0.3219928443431854,0.8853059411048889,0.4260712265968323,0.7811123132705688,0.06178047135472298,0.5227556824684143,0.5104997158050537,0.8461675047874451,-0.296650767326355,0.7413365244865417,0.43376466631889343,0.7786852121353149,0.07047002762556076,0.44382593035697937,0.559985339641571,0.690407395362854,-0.05269894376397133,0.9974458813667297,0.5367200970649719,0.675886869430542,0.05270328372716904,0.9984879493713379,0.6140831708908081,0.6978455185890198,0.10912363976240158,0.01959065906703472,0.5881544351577759,0.6827070116996765,0.17994889616966248,0.000804278941359371,0.6489266753196716,0.6756752133369446,0.255685031414032,0.04163093864917755,0.6352811455726624,0.6771921515464783,0.33388620615005493,0.0023311718832701445,0.6616896390914917,0.6613436937332153,0.2676328122615814,0.05821721628308296,0.6503476500511169,0.6634151339530945,0.34920379519462585,0.006866943556815386,0.6525441408157349,0.7176092267036438,0.23370517790317535,0.042709946632385254,0.6380070447921753,0.7131841778755188,0.33431199193000793,0.0064553068950772285,4
0.4250546395778656,0.7903011441230774,-0.19741500914096832,0.989780604839325,0.422988623380661,0.782906711101532,-0.2090183049440384,0.9874897003173828,0.4245315194129944,0.7811374664306641,-0.2091580182313919,0.9840865731239319,0.42596155405044556,0.7793700098991394,-0.20906886458396912,0.9895364046096802,0.42027607560157776,0.7820097804069519,-0.1936490535736084,0.9893777966499329,0.4198630154132843,0.7796532511711121,-0.1938895285129547,0.9889447689056396,0.41944214701652527,0.7772870659828186,-0.19399236142635345,0.9953150749206543,0.43240174651145935,0.7606521248817444,-0.22269773483276367,0.9781812429428101,0.4243302345275879,0.7575124502182007,-0.15336816012859344,0.9838801026344299,0.43571487069129944,0.782703161239624,-0.1960851103067398,0.988932192325592,0.43410977721214294,0.7831074595451355,-0.1773189902305603,0.9899371862411499,0.4890088438987732,0.7205118536949158,-0.20525097846984863,0.9991966485977173,0.4384229779243469,0.6838285326957703,-0.07679823786020279,0.9996782541275024,0.5476276874542236,0.7478504180908203,-0.21781803667545319,0.9528283476829529,0.4472443163394928,0.697249710559845,0.030548743903636932,0.04122841730713844,0.5249798893928528,0.8438012003898621,-0.22735820710659027,0.9201257824897766,0.4371682107448578,0.767180860042572,0.08805225789546967,0.4745861291885376,0.5168172717094421,0.8647847771644592,-0.24893440306186676,0.8749651312828064,0.4234737455844879,0.7786056399345398,0.09016896039247513,0.45033329725265503,0.5081713795661926,0.8531316518783569,-0.24758416414260864,0.8841184973716736,0.42761602997779846,0.7807695865631104,0.07595733553171158,0.4721814692020416,0.5105197429656982,0.845674991607666,-0.22645258903503418,0.7401419878005981,0.4344685971736908,0.778228759765625,0.08244914561510086,0.4010376036167145,0.5598126649856567,0.6948341131210327,-0.04975612089037895,0.9975175857543945,0.5361493825912476,0.6805664896965027,0.049755048006772995,0.9983987808227539,0.6124363541603088,0.6994620561599731,0.09741457551717758,0.019081762060523033,0.586868941783905,0.6848841309547424,0.1637883335351944,0.0007742874440737069,0.6470504999160767,0.6757106184959412,0.22814516723155975,0.04088795557618141,0.6312487721443176,0.6784428954124451,0.30204254388809204,0.0022484012879431248,0.6610080599784851,0.6605940461158752,0.23895396292209625,0.05750369280576706,0.6497256755828857,0.6642971038818359,0.31592556834220886,0.006662903819233179,0.6506978869438171,0.7175204753875732,0.2075045108795166,0.04274623095989227,0.6345987319946289,0.7131872177124023,0.3013717532157898,0.006343902088701725,4
0.4253319203853607,0.8001790642738342,-0.18006739020347595,0.9903155565261841,0.4223114848136902,0.7959824800491333,-0.19292883574962616,0.9883530139923096,0.42353230714797974,0.7943872809410095,-0.19306939840316772,0.9852489829063416,0.42460542917251587,0.79290372133255,-0.192975252866745,0.9903104305267334,0.4198065400123596,0.7950851917266846,-0.17838363349437714,0.9899430274963379,0.4192467927932739,0.7929001450538635,-0.17862649261951447,0.9894869923591614,0.4186471104621887,0.7906404137611389,-0.17872974276542664,0.9954387545585632,0.43022409081459045,0.7733722925186157,-0.2132347673177719,0.9800596237182617,0.42304953932762146,0.7706489562988281,-0.14768463373184204,0.9846236705780029,0.4348137676715851,0.7919144630432129,-0.18121472001075745,0.9895127415657043,0.4333834946155548,0.7906467318534851,-0.16355633735656738,0.9900833964347839,0.48781827092170715,0.7345501184463501,-0.1952996402978897,0.9992451071739197,0.4381704330444336,0.6967617869377136,-0.08003335446119308,0.9996112585067749,0.5478619337081909,0.7519685626029968,-0.19589541852474213,0.9524905681610107,0.45498183369636536,0.7001194357872009,0.022564003244042397,0.03735999017953873,0.5249857306480408,0.8438643217086792,-0.1906714290380478,0.9057577848434448,0.44008463621139526,0.766698956489563,0.08619098365306854,0.4274097681045532,0.5168677568435669,0.864789605140686,-0.20792752504348755,0.8569702506065369,0.43059587478637695,0.7774778008460999,0.08950945734977722,0.40570300817489624,0.5083521604537964,0.853602945804596,-0.20688103139400482,0.866185188293457,0.43165645003318787,0.780554473400116,0.0778748020529747,0.42537420988082886,0.5105499625205994,0.8457781672477722,-0.18946890532970428,0.7154548168182373,0.4367428421974182,0.7782794237136841,0.08186241239309311,0.3613453209400177,0.5599427819252014,0.7017015814781189,-0.04495558515191078,0.9976695775985718,0.5356864929199219,0.6846360564231873,0.044937241822481155,0.9984206557273865,0.6093646287918091,0.7029668092727661,0.10107263922691345,0.020531825721263885,0.5866747498512268,0.6868132948875427,0.16582320630550385,0.0008097078534774482,0.6452548503875732,0.6762034296989441,0.2326125055551529,0.04594436287879944,0.6302201747894287,0.6793743968009949,0.3034036457538605,0.002475979970768094,0.6576658487319946,0.6606241464614868,0.24367216229438782,0.0634942278265953,0.6443642973899841,0.667125403881073,0.31729021668434143,0.007192315999418497,0.6500775814056396,0.7174359560012817,0.21586726605892181,0.047215066850185394,0.6331654191017151,0.7132371068000793,0.3052006959915161,0.0068507869727909565,4
0.4254465401172638,0.8132970333099365,-0.17266184091567993,0.9910901784896851,0.4219984710216522,0.8089248538017273,-0.18671593070030212,0.9893702268600464,0.42315006256103516,0.8068655133247375,-0.18685759603977203,0.9865603446960449,0.4241824746131897,0.8049033880233765,-0.1867557168006897,0.9911735653877258,0.4196472465991974,0.808489203453064,-0.17122894525527954,0.9907673001289368,0.41900163888931274,0.8061385154724121,-0.1714683324098587,0.990331768989563,0.418274462223053,0.8037621974945068,-0.17157043516635895,0.9957650303840637,0.4293738007545471,0.7834704518318176,-0.212773397564888,0.9819403886795044,0.42208945751190186,0.7823329567909241,-0.14340409636497498,0.9858489036560059,0.43459266424179077,0.80316162109375,-0.1759963482618332,0.990363359451294,0.432794988155365,0.8030262589454651,-0.15720386803150177,0.9907612204551697,0.4859403669834137,0.7413652539253235,-0.19715189933776855,0.9993025660514832,0.43791675567626953,0.7051814794540405,-0.07838384062051773,0.999599814414978,0.5485640168190002,0.7511011362075806,-0.19042356312274933,0.9538436532020569,0.46081316471099854,0.7023784518241882,0.024988586083054543,0.03417719900608063,0.5250980854034424,0.8440728187561035,-0.17030447721481323,0.89020836353302,0.44186317920684814,0.7667578458786011,0.09715742617845535,0.3848654627799988,0.5168395042419434,0.8645156621932983,-0.18401145935058594,0.8364933729171753,0.4339461922645569,0.7771561145782471,0.10185040533542633,0.3653850853443146,0.5083824992179871,0.8532785773277283,-0.18284638226032257,0.8447914123535156,0.4343123137950897,0.7804707884788513,0.09222207218408585,0.38308480381965637,0.5105554461479187,0.8457289934158325,-0.16836251318454742,0.687222957611084,0.43915560841560364,0.7783113718032837,0.09382251650094986,0.32546889781951904,0.5594409704208374,0.7067008018493652,-0.04502765089273453,0.9978475570678711,0.535166323184967,0.688343346118927,0.04500144347548485,0.998495876789093,0.60756516456604,0.7053584456443787,0.10574604570865631,0.02666824497282505,0.5866267085075378,0.6895149946212769,0.1709572821855545,0.0009845320601016283,0.64291912317276,0.6762205362319946,0.23604173958301544,0.06182155758142471,0.6295366287231445,0.6795244812965393,0.31504055857658386,0.0034606519620865583,0.654285728931427,0.6606496572494507,0.24589499831199646,0.07862024009227753,0.6420266032218933,0.667405366897583,0.32956117391586304,0.009419123642146587,0.6497986912727356,0.7173565030097961,0.2338278442621231,0.05993407964706421,0.633139967918396,0.7136114239692688,0.317047119140625,0.008844883181154728,4
0.4257822632789612,0.8224307894706726,-0.15522311627864838,0.9918879270553589,0.42200934886932373,0.8185723423957825,-0.16983427107334137,0.9903614521026611,0.42305880784988403,0.8168277144432068,-0.16997286677360535,0.9878242611885071,0.42405471205711365,0.8153042197227478,-0.16986769437789917,0.9920000433921814,0.41983604431152344,0.8165693283081055,-0.1553582400083542,0.9916151762008667,0.4192136824131012,0.8135799765586853,-0.15560202300548553,0.9912202954292297,0.41851237416267395,0.8104578852653503,-0.15569956600666046,0.9961376190185547,0.4289324879646301,0.7960851788520813,-0.19942674040794373,0.9836940765380859,0.4221136271953583,0.7919225692749023,-0.1346190869808197,0.9871566295623779,0.43470433354377747,0.8113085627555847,-0.15988394618034363,0.9912412166595459,0.4327489137649536,0.8097479939460754,-0.1424499899148941,0.9915674328804016,0.4858311116695404,0.7501797676086426,-0.18481704592704773,0.9993586540222168,0.4375532567501068,0.7135446667671204,-0.07597769051790237,0.9996132850646973,0.5489944219589233,0.7506323456764221,-0.16484077274799347,0.9562628865242004,0.46226489543914795,0.7018860578536987,0.026456745341420174,0.03218359127640724,0.525191605091095,0.8440356254577637,-0.12986618280410767,0.8739751577377319,0.44847819209098816,0.7632985711097717,0.10416384786367416,0.34659039974212646,0.5169661641120911,0.8640354871749878,-0.1393398493528366,0.815672755241394,0.4413496255874634,0.7731966376304626,0.10987471789121628,0.32910338044166565,0.5088708996772766,0.8532597422599792,-0.13938872516155243,0.8227835297584534,0.44248682260513306,0.7762297987937927,0.10107780247926712,0.3450259268283844,0.5109679102897644,0.8456982374191284,-0.12787383794784546,0.6610009670257568,0.4454292953014374,0.7747141122817993,0.10150586068630219,0.29319217801094055,0.5595243573188782,0.7101532816886902,-0.0442451648414135,0.9980323314666748,0.5350809693336487,0.6910446882247925,0.044215403497219086,0.9986014366149902,0.6078532934188843,0.7062253355979919,0.10437410324811935,0.0483606792986393,0.5866937041282654,0.6910760998725891,0.16586576402187347,0.001537722535431385,0.6427391171455383,0.6758626699447632,0.23643283545970917,0.09184673428535461,0.6295059323310852,0.6791766285896301,0.3009072542190552,0.005546020343899727,0.6538547277450562,0.6596975922584534,0.24801495671272278,0.10649921000003815,0.6407158374786377,0.667093813419342,0.3146592378616333,0.014127569273114204,0.6497548222541809,0.7171331644058228,0.23410432040691376,0.08183690905570984,0.6333418488502502,0.7139039039611816,0.31199371814727783,0.01255999505519867,4
0.4260536730289459,0.8264464735984802,-0.15872961282730103,0.9925599694252014,0.4219866991043091,0.8231397271156311,-0.17295485734939575,0.9912140369415283,0.422932893037796,0.8213900923728943,-0.17309464514255524,0.9889182448387146,0.42389875650405884,0.8196806311607361,-0.17298826575279236,0.9927104115486145,0.4198998808860779,0.821685791015625,-0.15870752930641174,0.9923379421234131,0.4192228615283966,0.8188852071762085,-0.1589549332857132,0.9919828176498413,0.4184832274913788,0.8160388469696045,-0.15906023979187012,0.9964463114738464,0.42850103974342346,0.802201509475708,-0.19831867516040802,0.9852439761161804,0.421609103679657,0.7991898059844971,-0.13481532037258148,0.9882813096046448,0.43495649099349976,0.81600022315979,-0.16165059804916382,0.9919753670692444,0.4328825771808624,0.8151757717132568,-0.14457978308200836,0.9922155737876892,0.48494312167167664,0.7548505067825317,-0.18168973922729492,0.9994038939476013,0.43748757243156433,0.7190491557121277,-0.07625927031040192,0.9996174573898315,0.5488539934158325,0.7492491006851196,-0.16105367243289948,0.9584692120552063,0.462550550699234,0.7010663747787476,0.023833194747567177,0.030894355848431587,0.5252006649971008,0.8434678316116333,-0.12609265744686127,0.8560470342636108,0.4535464942455292,0.760434627532959,0.09732086211442947,0.3121219873428345,0.5171282887458801,0.8642198443412781,-0.13510845601558685,0.7925857305526733,0.44577983021736145,0.770626425743103,0.10238688439130783,0.29641807079315186,0.5091036558151245,0.853247880935669,-0.13502128422260284,0.7986495494842529,0.4460083544254303,0.7745281457901001,0.09366581588983536,0.31074392795562744,0.511070728302002,0.8453168272972107,-0.12398304790258408,0.6336482167243958,0.4501972794532776,0.7728915810585022,0.09464701265096664,0.2641128897666931,0.5594631433486938,0.7115600109100342,-0.04324846342206001,0.9981929659843445,0.5350960493087769,0.6930353045463562,0.043218325823545456,0.9986861348152161,0.6073154807090759,0.7071054577827454,0.10423017293214798,0.06799081712961197,0.5865968465805054,0.6930333375930786,0.16288098692893982,0.0021134703420102596,0.6421040296554565,0.6754819750785828,0.2338905781507492,0.12253217399120331,0.6276191473007202,0.6794551014900208,0.29692012071609497,0.007646545767784119,0.652958869934082,0.6582345962524414,0.24561692774295807,0.13587075471878052,0.6369963884353638,0.6675878763198853,0.3106887936592102,0.01914554461836815,0.6497330069541931,0.7169336676597595,0.23198316991329193,0.10575348883867264,0.6328703761100769,0.71453857421875,0.30845698714256287,0.016451919451355934,4
0.4258712828159332,0.8331445455551147,-0.1751895248889923,0.9931619763374329,0.4220896363258362,0.8284757733345032,-0.18916913866996765,0.9919790625572205,0.42304757237434387,0.8262744545936584,-0.1893106997013092,0.9898895025253296,0.42405033111572266,0.8242494463920593,-0.18920458853244781,0.9933449625968933,0.4198945462703705,0.82783442735672,-0.17442700266838074,0.9929881691932678,0.4191911518573761,0.8253995180130005,-0.17467856407165527,0.9926602244377136,0.418439120054245,0.8227975964546204,-0.17479100823402405,0.9967235326766968,0.42872801423072815,0.805542528629303,-0.21131625771522522,0.9866135120391846,0.4216446876525879,0.8045218586921692,-0.14543424546718597,0.9892630577087402,0.4344165623188019,0.8233426809310913,-0.17676414549350739,0.99261075258255,0.4322423040866852,0.8234339952468872,-0.15905077755451202,0.992766797542572,0.48408517241477966,0.7603644728660583,-0.189619243144989,0.9994360208511353,0.4365393817424774,0.722929835319519,-0.0772765502333641,0.999615490436554,0.5489093065261841,0.7491681575775146,-0.1686330884695053,0.9594666957855225,0.4605865478515625,0.6971920132637024,0.01975082792341709,0.029708947986364365,0.5251175761222839,0.8434006571769714,-0.13605181872844696,0.8347387313842773,0.4518607258796692,0.7607446312904358,0.08705411106348038,0.28117528557777405,0.5175350904464722,0.864962100982666,-0.14623785018920898,0.766373336315155,0.44335266947746277,0.7708383798599243,0.09041833877563477,0.26707184314727783,0.5091162919998169,0.8539122939109802,-0.14751499891281128,0.7719797492027283,0.4447304308414459,0.7749732136726379,0.08029773831367493,0.2799643576145172,0.5110799670219421,0.8456677198410034,-0.13463252782821655,0.6045829653739929,0.44851094484329224,0.7733030319213867,0.08358084410429001,0.23800940811634064,0.5593975782394409,0.7111388444900513,-0.04151146113872528,0.9983267188072205,0.5344749093055725,0.6928678750991821,0.04148427024483681,0.9987533688545227,0.60751873254776,0.7066841125488281,0.1067858561873436,0.07868937402963638,0.5867095589637756,0.6929797530174255,0.16225102543830872,0.002506309887394309,0.6427867412567139,0.6745680570602417,0.23566660284996033,0.14305420219898224,0.6277033686637878,0.6792910695075989,0.301107794046402,0.00912623293697834,0.6532006859779358,0.6576538681983948,0.2480253279209137,0.15511071681976318,0.6380284428596497,0.6668637990951538,0.3151789903640747,0.022012809291481972,0.6496773362159729,0.7166524529457092,0.2357563078403473,0.11946044117212296,0.6336812973022461,0.7140999436378479,0.30803897976875305,0.018621480092406273,4
0.42604514956474304,0.8306729793548584,-0.163663849234581,0.9936938285827637,0.4223387539386749,0.8259114623069763,-0.17812839150428772,0.9926631450653076,0.4233015477657318,0.8238837718963623,-0.17827065289020538,0.9907671213150024,0.4242912530899048,0.8218777179718018,-0.17815253138542175,0.9939136505126953,0.4201522767543793,0.8256573677062988,-0.1630651205778122,0.9935654401779175,0.4194680154323578,0.8238182663917542,-0.16332560777664185,0.9932703375816345,0.4187307059764862,0.8219778537750244,-0.16343697905540466,0.9969679117202759,0.4286373555660248,0.8012378215789795,-0.2021196484565735,0.9878551363945007,0.42187947034835815,0.8022630214691162,-0.13500861823558807,0.9901607632637024,0.4345748722553253,0.8200034499168396,-0.16591212153434753,0.9931888580322266,0.4324744939804077,0.8213443756103516,-0.14780746400356293,0.9932684898376465,0.4833308160305023,0.7601727247238159,-0.1813356578350067,0.9994693994522095,0.4366564452648163,0.7172406315803528,-0.07608558237552643,0.9996134638786316,0.5487374067306519,0.7489874958992004,-0.15793173015117645,0.9618637561798096,0.4603042006492615,0.6974596381187439,0.022715969011187553,0.02920522727072239,0.5249761939048767,0.8432978391647339,-0.12248441576957703,0.8297938108444214,0.45108762383461,0.7611873149871826,0.0926736369729042,0.25327393412590027,0.5176073312759399,0.8652017116546631,-0.1321183145046234,0.7586277723312378,0.44211345911026,0.7712320685386658,0.09642651677131653,0.24061733484268188,0.5089801549911499,0.8544535040855408,-0.13332904875278473,0.7635685801506042,0.44291993975639343,0.7756015658378601,0.08776076138019562,0.2522203326225281,0.5110598802566528,0.8459504246711731,-0.12095089256763458,0.5939730405807495,0.4473666250705719,0.7738246917724609,0.0898788645863533,0.21447907388210297,0.5594071745872498,0.7095176577568054,-0.04127370938658714,0.9984504580497742,0.5343056321144104,0.6912798285484314,0.041248150169849396,0.9988080263137817,0.6076347827911377,0.7064290642738342,0.10674933344125748,0.09554122388362885,0.5866612792015076,0.692797064781189,0.16214244067668915,0.0029569135513156652,0.642986536026001,0.6742005944252014,0.2379859834909439,0.17024873197078705,0.623373806476593,0.6792967915534973,0.30075541138648987,0.010519210249185562,0.6535115838050842,0.6576336026191711,0.2501378357410431,0.18457289040088654,0.6397783756256104,0.6661989092826843,0.31490209698677063,0.025758367031812668,0.6478458642959595,0.7174581289291382,0.23546211421489716,0.14111468195915222,0.633977472782135,0.7202321887016296,0.30876821279525757,0.02132926695048809,4
0.4263915717601776,0.8217290639877319,-0.1675158441066742,0.9942076802253723,0.42246636748313904,0.8177948594093323,-0.18136689066886902,0.9933081865310669,0.4234475791454315,0.8157009482383728,-0.18151001632213593,0.9915907979011536,0.4244605302810669,0.8135860562324524,-0.18139377236366272,0.9944533109664917,0.4203081727027893,0.8179076313972473,-0.16582198441028595,0.9941055178642273,0.4196494519710541,0.8161793947219849,-0.16608364880084991,0.9938333034515381,0.41893163323402405,0.8145016431808472,-0.16619248688220978,0.9971960783004761,0.4289037883281708,0.7926204800605774,-0.20224986970424652,0.9889935851097107,0.4221213757991791,0.7943869829177856,-0.13291142880916595,0.9909622669219971,0.4348454475402832,0.8112761378288269,-0.1686176210641861,0.9937316179275513,0.43266233801841736,0.8124188184738159,-0.14991743862628937,0.9937317967414856,0.48235026001930237,0.7533073425292969,-0.1822366714477539,0.9995039701461792,0.43639975786209106,0.7126286625862122,-0.06986216455698013,0.9996085166931152,0.5487118363380432,0.7467837929725647,-0.16442687809467316,0.9644966721534729,0.45911598205566406,0.6997647881507874,0.03266360983252525,0.02826850116252899,0.5249770283699036,0.8428137302398682,-0.13583122193813324,0.835830569267273,0.45022934675216675,0.7622802257537842,0.10168172419071198,0.2282298058271408,0.5177938342094421,0.865111231803894,-0.1479615867137909,0.7647116780281067,0.4420122504234314,0.7730036973953247,0.1053408831357956,0.2168876826763153,0.5089929103851318,0.8544738292694092,-0.14851872622966766,0.7694377303123474,0.4418098032474518,0.7774650454521179,0.09579111635684967,0.22733674943447113,0.5110909938812256,0.8459579944610596,-0.13424251973628998,0.6011790633201599,0.4464440643787384,0.7765978574752808,0.09839215874671936,0.19338996708393097,0.5594202280044556,0.707443118095398,-0.04184761270880699,0.9985580444335938,0.534442126750946,0.6900231838226318,0.04182250797748566,0.9988466501235962,0.6077448129653931,0.7061394453048706,0.10484607517719269,0.10280369222164154,0.5866722464561462,0.692480742931366,0.1625673472881317,0.0031813313253223896,0.6430309414863586,0.6741538047790527,0.23509715497493744,0.1864454448223114,0.6239738464355469,0.6783338189125061,0.3013310730457306,0.011169079691171646,0.653616726398468,0.6577208638191223,0.24672125279903412,0.20521895587444305,0.638627827167511,0.6651489734649658,0.31528618931770325,0.027799541130661964,0.6478964686393738,0.7173833847045898,0.2254382073879242,0.15550051629543304,0.6363682150840759,0.7200521230697632,0.3057628273963928,0.022905569523572922,4
0.4269486963748932,0.8159363269805908,-0.16577784717082977,0.9947313070297241,0.42257052659988403,0.8113971948623657,-0.17932239174842834,0.9939359426498413,0.42348480224609375,0.8094369769096375,-0.17946508526802063,0.9923865795135498,0.42457056045532227,0.8075122237205505,-0.17934492230415344,0.9949763417243958,0.42035964131355286,0.8111702799797058,-0.16306157410144806,0.9946448802947998,0.41970473527908325,0.8092533349990845,-0.16332167387008667,0.9943957328796387,0.41902607679367065,0.8073451519012451,-0.16342706978321075,0.9974384903907776,0.4289522171020508,0.7887430191040039,-0.19936899840831757,0.9900570511817932,0.422233909368515,0.7880299091339111,-0.1267675906419754,0.9917689561843872,0.4348849356174469,0.8063087463378906,-0.16666564345359802,0.9942866563796997,0.43285858631134033,0.8072159290313721,-0.14705011248588562,0.9942468404769897,0.48191967606544495,0.7475860714912415,-0.18359817564487457,0.9995424151420593,0.43646717071533203,0.7096664905548096,-0.059985458850860596,0.9996168613433838,0.5486910939216614,0.7466802597045898,-0.16949191689491272,0.9673457741737366,0.45434442162513733,0.7017488479614258,0.04269752278923988,0.027790240943431854,0.52499920129776,0.8423497676849365,-0.14282101392745972,0.8463087677955627,0.44939881563186646,0.7624772191047668,0.10693277418613434,0.20573469996452332,0.5179800987243652,0.8647881746292114,-0.15619158744812012,0.7774602770805359,0.4419204890727997,0.7730133533477783,0.11029023677110672,0.19557173550128937,0.5090395212173462,0.8541150093078613,-0.15645892918109894,0.7819631695747375,0.4413396120071411,0.7773042321205139,0.10045041143894196,0.2049832046031952,0.5111615061759949,0.8457505106925964,-0.14110593497753143,0.618985652923584,0.44497478008270264,0.7766077518463135,0.10331717878580093,0.17445944249629974,0.559352457523346,0.7073057293891907,-0.043082382529973984,0.9986606240272522,0.534464418888092,0.6882904767990112,0.043076056987047195,0.99889075756073,0.6081385016441345,0.7056312561035156,0.10502699017524719,0.10994704812765121,0.5867426991462708,0.6916585564613342,0.16409017145633698,0.0035079852677881718,0.6428983807563782,0.6740499138832092,0.23699569702148438,0.20058324933052063,0.6245474219322205,0.6778242588043213,0.3044903576374054,0.011880666017532349,0.6538479328155518,0.6576357483863831,0.24870167672634125,0.2222069501876831,0.638106644153595,0.664821445941925,0.3186902403831482,0.02990351989865303,0.6472015976905823,0.7172967791557312,0.22652217745780945,0.16995008289813995,0.6368945837020874,0.7197602987289429,0.3089686334133148,0.024915629997849464,4
0.42538949847221375,0.8028758764266968,-0.2009401172399521,0.9951213598251343,0.42202165722846985,0.7934098839759827,-0.21100470423698425,0.9944411516189575,0.42317691445350647,0.790904700756073,-0.21116217970848083,0.993027925491333,0.42438584566116333,0.7883322238922119,-0.21107009053230286,0.9954074621200562,0.4195074737071991,0.7939022779464722,-0.19628895819187164,0.9950432777404785,0.41891586780548096,0.7917868494987488,-0.1965377777814865,0.9947792291641235,0.41832274198532104,0.7895805835723877,-0.19663771986961365,0.997584879398346,0.42907631397247314,0.7670812606811523,-0.21609115600585938,0.9909452199935913,0.42220714688301086,0.769784152507782,-0.1508406549692154,0.9922388792037964,0.4342528283596039,0.7949717044830322,-0.19705919921398163,0.9946523904800415,0.4319787919521332,0.7974085807800293,-0.17946848273277283,0.9944873452186584,0.4822302758693695,0.7366304993629456,-0.1968143880367279,0.9995598793029785,0.43629372119903564,0.7032031416893005,-0.060831766575574875,0.9995725750923157,0.5489450693130493,0.7451911568641663,-0.2048538625240326,0.9687022566795349,0.44714218378067017,0.7023277878761292,0.03603975474834442,0.025584682822227478,0.5254108905792236,0.8410574197769165,-0.20652471482753754,0.856017529964447,0.4433291256427765,0.7641923427581787,0.10128646343946457,0.18597766757011414,0.5181262493133545,0.8638970851898193,-0.22765393555164337,0.7895810604095459,0.4304884076118469,0.7762372493743896,0.10358762741088867,0.17706303298473358,0.5093696117401123,0.853210985660553,-0.22681520879268646,0.7939489483833313,0.4324074387550354,0.7808930277824402,0.09203456342220306,0.18557998538017273,0.5117259621620178,0.8449531197547913,-0.20556923747062683,0.6356580257415771,0.4389786720275879,0.7793855667114258,0.09688936918973923,0.1580686867237091,0.5593665838241577,0.7010403871536255,-0.043898068368434906,0.9986992478370667,0.5354576110839844,0.6821869015693665,0.04389550909399986,0.9988524913787842,0.6113764047622681,0.705108106136322,0.10535389930009842,0.10311999917030334,0.5870704650878906,0.6864935159683228,0.1719939261674881,0.0032960986718535423,0.6450790762901306,0.6726260185241699,0.24933286011219025,0.19079263508319855,0.624939501285553,0.676727831363678,0.32704925537109375,0.01118831429630518,0.6547430753707886,0.6564640402793884,0.26194146275520325,0.21515867114067078,0.6367811560630798,0.6645175218582153,0.3423972427845001,0.028513820841908455,0.6475773453712463,0.7151039242744446,0.23469243943691254,0.1628250777721405,0.6331773400306702,0.7154228687286377,0.32858413457870483,0.023699743673205376,4
0.42492374777793884,0.7827551364898682,-0.19704213738441467,0.9955046772956848,0.4216066598892212,0.772940456867218,-0.20777173340320587,0.9949102401733398,0.4229881167411804,0.7712113261222839,-0.20792274177074432,0.9936152100563049,0.42430412769317627,0.7693237662315369,-0.20782531797885895,0.9957935810089111,0.41881275177001953,0.7722111344337463,-0.19342947006225586,0.9954487085342407,0.4183659851551056,0.7699500322341919,-0.19368579983711243,0.9951987862586975,0.4179617166519165,0.767568826675415,-0.19378873705863953,0.9977684617042542,0.42925965785980225,0.7490277290344238,-0.21558083593845367,0.991735577583313,0.4222649931907654,0.7467455267906189,-0.1523379236459732,0.9928508400917053,0.4342004358768463,0.7782673239707947,-0.19430728256702423,0.9950320720672607,0.4321499764919281,0.7792205214500427,-0.17716674506664276,0.9948608875274658,0.4827462136745453,0.7199800610542297,-0.19330501556396484,0.9995604157447815,0.43634024262428284,0.6891059875488281,-0.06401082128286362,0.9995795488357544,0.548930823802948,0.7451819777488708,-0.19329118728637695,0.9694910049438477,0.4450923502445221,0.7022174000740051,0.03724055737257004,0.024694187566637993,0.5258341431617737,0.8404935598373413,-0.19868968427181244,0.8656572699546814,0.43816372752189636,0.7655141949653625,0.09970919042825699,0.17849057912826538,0.5182265043258667,0.8633555769920349,-0.22109945118427277,0.802290141582489,0.42592594027519226,0.7773560285568237,0.1010713055729866,0.17206251621246338,0.5096685886383057,0.8524844646453857,-0.21622620522975922,0.8065781593322754,0.4287576973438263,0.781185507774353,0.0881262943148613,0.18049296736717224,0.5122140049934387,0.8441754579544067,-0.20260445773601532,0.6549684405326843,0.43551966547966003,0.7793711423873901,0.0947270467877388,0.1538017988204956,0.560053288936615,0.6927143335342407,-0.0437287762761116,0.998727560043335,0.5372593998908997,0.6749764084815979,0.043718330562114716,0.9988555908203125,0.6119490265846252,0.7014049291610718,0.105403371155262,0.09866596013307571,0.5849655866622925,0.6810264587402344,0.17736144363880157,0.0031522181816399097,0.64524245262146,0.6716506481170654,0.24883714318275452,0.18240943551063538,0.6193897724151611,0.6759437322616577,0.3332907557487488,0.010545541532337666,0.6552342176437378,0.655620813369751,0.2612784504890442,0.21011711657047272,0.6383688449859619,0.6600536704063416,0.3488096594810486,0.02710568718612194,0.647483229637146,0.714085578918457,0.23485377430915833,0.1566622108221054,0.6231874823570251,0.7101945877075195,0.3361341059207916,0.022559400647878647,4
0.42564547061920166,0.7676146030426025,-0.1815294474363327,0.995791494846344,0.4221345782279968,0.7606942057609558,-0.1926124095916748,0.9952629208564758,0.4235358238220215,0.7597101330757141,-0.19275636970996857,0.9940532445907593,0.4248453974723816,0.7585967779159546,-0.19264833629131317,0.9960681796073914,0.4193085730075836,0.7582507729530334,-0.17897240817546844,0.9957790970802307,0.41892334818840027,0.755340039730072,-0.17924125492572784,0.995555579662323,0.41864287853240967,0.7524774670600891,-0.1793527603149414,0.9979285001754761,0.43077269196510315,0.7355920672416687,-0.2064913958311081,0.9923279881477356,0.42459675669670105,0.7298271656036377,-0.14515598118305206,0.9934126138687134,0.43466848134994507,0.7653689980506897,-0.18062172830104828,0.995352566242218,0.43323802947998047,0.7644429802894592,-0.1643044799566269,0.9952273368835449,0.4851841628551483,0.7094082832336426,-0.1869816780090332,0.9995554089546204,0.4389296770095825,0.6706754565238953,-0.06750994175672531,0.9996085166931152,0.548801839351654,0.7451725006103516,-0.17556002736091614,0.9697384834289551,0.44642528891563416,0.7008323073387146,0.04728078842163086,0.029529910534620285,0.5259599685668945,0.8405230045318604,-0.15893149375915527,0.8745323419570923,0.43776416778564453,0.7674449682235718,0.10478273034095764,0.22794297337532043,0.5182458162307739,0.8634025454521179,-0.17650550603866577,0.8145428895950317,0.42488691210746765,0.7782663106918335,0.1048523560166359,0.22121527791023254,0.5096719264984131,0.8522817492485046,-0.1785571128129959,0.8187270760536194,0.4277089238166809,0.781670868396759,0.09080212563276291,0.23033858835697174,0.5122068524360657,0.8440285921096802,-0.1595187485218048,0.6737615466117859,0.43504416942596436,0.7797943949699402,0.09942459315061569,0.198612242937088,0.5602408647537231,0.683978259563446,-0.04376976937055588,0.9987585544586182,0.5383780002593994,0.6708318591117859,0.04375854507088661,0.9989011287689209,0.6114705204963684,0.6974269151687622,0.10532461106777191,0.09611513465642929,0.5850619077682495,0.681046724319458,0.1763039529323578,0.0032510620076209307,0.6441273093223572,0.6714057922363281,0.24930672347545624,0.1766873002052307,0.6206836700439453,0.675762951374054,0.3284980356693268,0.010432670824229717,0.6550943851470947,0.6552861928939819,0.26184603571891785,0.20595118403434753,0.6430593729019165,0.6583042740821838,0.34367048740386963,0.02677784115076065,0.6469415426254272,0.7133479118347168,0.23731586337089539,0.15257905423641205,0.6245919466018677,0.708407461643219,0.331510454416275,0.022516580298542976,4
0.4268355369567871,0.7545213103294373,-0.18654778599739075,0.9959744215011597,0.4238457679748535,0.7473520636558533,-0.19836463034152985,0.9954944849014282,0.4252367615699768,0.746020495891571,-0.19851188361644745,0.9943304061889648,0.4265505075454712,0.7444139719009399,-0.19840937852859497,0.996242105960846,0.42112648487091064,0.7460877895355225,-0.18288594484329224,0.9959977269172668,0.4206819236278534,0.7439621090888977,-0.18316017091274261,0.9957905411720276,0.42037099599838257,0.7418601512908936,-0.1832798570394516,0.9980349540710449,0.4328196346759796,0.7192819118499756,-0.21571539342403412,0.9926817417144775,0.42636317014694214,0.7196016311645508,-0.14629976451396942,0.9937703609466553,0.435169517993927,0.7525665163993835,-0.18686535954475403,0.9955447316169739,0.433624267578125,0.7529482245445251,-0.16810230910778046,0.9954769015312195,0.49029865860939026,0.6960139274597168,-0.19738830626010895,0.9995303750038147,0.4419885277748108,0.6570085287094116,-0.06830508261919022,0.999631941318512,0.5468890070915222,0.7451786994934082,-0.20811834931373596,0.9702436923980713,0.44572019577026367,0.6952472925186157,0.043080899864435196,0.034776054322719574,0.525967538356781,0.8407749533653259,-0.2168441265821457,0.8839483857154846,0.4374023973941803,0.7686883807182312,0.08163343369960785,0.27384889125823975,0.5181138515472412,0.8633885979652405,-0.24133114516735077,0.8275907039642334,0.4240202307701111,0.7789944410324097,0.0779019147157669,0.2639501392841339,0.509670078754425,0.8521982431411743,-0.24155227839946747,0.8315042853355408,0.42663854360580444,0.781848132610321,0.06143460050225258,0.2737574875354767,0.512138307094574,0.8440331220626831,-0.21692286431789398,0.6933600306510925,0.43429693579673767,0.7797755002975464,0.0747348740696907,0.23709817230701447,0.5618558526039124,0.6801626682281494,-0.044088203459978104,0.9987729787826538,0.5411127209663391,0.6642569899559021,0.04406815767288208,0.9989343881607056,0.6114189624786377,0.6936904788017273,0.11432120949029922,0.08948186039924622,0.5881466269493103,0.678040087223053,0.186444491147995,0.0030960487201809883,0.644760012626648,0.6714414954185486,0.27103736996650696,0.16557875275611877,0.6232300400733948,0.6756512522697449,0.34618914127349854,0.009820697829127312,0.6557653546333313,0.6559986472129822,0.28431203961372375,0.19661317765712738,0.6429058313369751,0.661578357219696,0.36179909110069275,0.025364436209201813,0.6469553709030151,0.7113678455352783,0.2563106417655945,0.14359234273433685,0.6254166960716248,0.707646906375885,0.3432551622390747,0.021403707563877106,4
0.4301973581314087,0.7370338439941406,-0.220707967877388,0.9961096048355103,0.4274335205554962,0.7288978099822998,-0.23274002969264984,0.9956828951835632,0.4285305142402649,0.7268662452697754,-0.23287996649742126,0.9945187568664551,0.4297335743904114,0.7245333790779114,-0.23276738822460175,0.9963569641113281,0.4250626564025879,0.728731095790863,-0.21735024452209473,0.9961889982223511,0.42443370819091797,0.7266694903373718,-0.21763171255588531,0.9959903955459595,0.423910528421402,0.724565863609314,-0.21776512265205383,0.9981346726417542,0.43540745973587036,0.7002508044242859,-0.24454359710216522,0.9928297400474548,0.4283079504966736,0.7029735445976257,-0.17577823996543884,0.9940841794013977,0.4377996325492859,0.7333465218544006,-0.21854862570762634,0.9955674409866333,0.4355369508266449,0.7345593571662903,-0.19988396763801575,0.9956238865852356,0.49683040380477905,0.6798110604286194,-0.21610258519649506,0.9994621872901917,0.4432377219200134,0.6490887403488159,-0.10254085063934326,0.9996525049209595,0.5443931221961975,0.7453190684318542,-0.22371791303157806,0.9704772233963013,0.44511109590530396,0.6898788809776306,0.0005152513622306287,0.03782499581575394,0.5258225202560425,0.8422791957855225,-0.2324245572090149,0.8916675448417664,0.43770071864128113,0.768729031085968,0.03027190826833248,0.30625495314598083,0.5180380344390869,0.8633677363395691,-0.25747621059417725,0.8376811146736145,0.42435041069984436,0.7792713046073914,0.025129560381174088,0.29256725311279297,0.5096304416656494,0.8522228002548218,-0.2592628598213196,0.8416467905044556,0.42711082100868225,0.7818313837051392,0.00766739109531045,0.30407580733299255,0.5120020508766174,0.8444935083389282,-0.23337522149085999,0.7082265019416809,0.43470463156700134,0.7792531251907349,0.02297041565179825,0.26298093795776367,0.5624465346336365,0.6732070446014404,-0.043308693915605545,0.9987467527389526,0.5414654016494751,0.6567602753639221,0.04327600821852684,0.9989421963691711,0.6115033030509949,0.6901146769523621,0.11956517398357391,0.08201514929533005,0.5873640179634094,0.6728994250297546,0.18365992605686188,0.00285454117693007,0.6447351574897766,0.6714698076248169,0.2743392288684845,0.15311755239963531,0.6195446848869324,0.6750549077987671,0.34848737716674805,0.008997132070362568,0.6569923162460327,0.6560523509979248,0.28725606203079224,0.18472614884376526,0.6427682042121887,0.6612247228622437,0.3651198446750641,0.02336406335234642,0.6461569666862488,0.7135491967201233,0.25725752115249634,0.13335467875003815,0.6214877963066101,0.7071015238761902,0.34695249795913696,0.019759507849812508,4
0.4326142370700836,0.7142996191978455,-0.24638603627681732,0.9954538345336914,0.4294821619987488,0.7052538990974426,-0.258626788854599,0.9948354363441467,0.43039268255233765,0.7027707695960999,-0.258773535490036,0.9933352470397949,0.43137744069099426,0.7003684043884277,-0.25867149233818054,0.9955080151557922,0.42741262912750244,0.7062612175941467,-0.24350370466709137,0.995577335357666,0.4268254339694977,0.7044330835342407,-0.24378223717212677,0.995428204536438,0.4262610077857971,0.7025946378707886,-0.24392595887184143,0.9979007244110107,0.43641582131385803,0.6813629865646362,-0.2672344446182251,0.9908023476600647,0.4294126629829407,0.6861623525619507,-0.19942831993103027,0.9933021068572998,0.44021183252334595,0.7079078555107117,-0.24273358285427094,0.9942485094070435,0.43765977025032043,0.7097636461257935,-0.2243322730064392,0.9948344826698303,0.4948841631412506,0.6685875058174133,-0.24043384194374084,0.9992862939834595,0.44455331563949585,0.6406583189964294,-0.11895622313022614,0.9996539950370789,0.5413402318954468,0.7452290654182434,-0.2531813085079193,0.9686682224273682,0.4442235231399536,0.6905070543289185,-0.02554931864142418,0.04066694155335426,0.5251318216323853,0.8429198265075684,-0.2734830975532532,0.8971529006958008,0.4378833472728729,0.7701720595359802,-0.012494510971009731,0.34090456366539,0.5166977643966675,0.8632642030715942,-0.30315589904785156,0.8456446528434753,0.42439401149749756,0.780437171459198,-0.02016565017402172,0.3267004191875458,0.5091875195503235,0.8522183895111084,-0.30441129207611084,0.8499797582626343,0.4271976053714752,0.7824954986572266,-0.03998549282550812,0.3405177593231201,0.5116044282913208,0.844539225101471,-0.27488842606544495,0.7204878926277161,0.43494462966918945,0.7804962992668152,-0.021256890147924423,0.2943534851074219,0.5626193881034851,0.66929692029953,-0.04332989826798439,0.9985836744308472,0.5417390465736389,0.655316948890686,0.04330190643668175,0.9988662004470825,0.6113819479942322,0.6895814538002014,0.11579745262861252,0.07448557019233704,0.5878002047538757,0.6743432879447937,0.18450236320495605,0.0026039222721010447,0.6479309797286987,0.6731411814689636,0.2733401954174042,0.14005836844444275,0.6222649812698364,0.6769501566886902,0.3463066518306732,0.008206745609641075,0.658674418926239,0.6592254638671875,0.28677496314048767,0.1715061515569687,0.6458171606063843,0.6625147461891174,0.3625008165836334,0.02146819233894348,0.6470251679420471,0.7143083214759827,0.24510110914707184,0.12251081317663193,0.6284235119819641,0.7093755006790161,0.3431336581707001,0.018134281039237976,4
0.4336076080799103,0.6974213123321533,-0.2635194659233093,0.9938772320747375,0.4307991862297058,0.6870599985122681,-0.27619725465774536,0.9924054145812988,0.4318758249282837,0.6840264201164246,-0.27636000514030457,0.9900925159454346,0.43299201130867004,0.6811620593070984,-0.27628424763679504,0.9932552576065063,0.4284888505935669,0.6881247162818909,-0.25975167751312256,0.9938768744468689,0.4278903305530548,0.6858921647071838,-0.2600167393684387,0.9938247203826904,0.4272345304489136,0.6837341785430908,-0.26016727089881897,0.9972556233406067,0.43913549184799194,0.6628386378288269,-0.28641366958618164,0.9854995608329773,0.4303855299949646,0.6683952808380127,-0.21222542226314545,0.9906527996063232,0.44176825881004333,0.6897251009941101,-0.26069486141204834,0.9919627904891968,0.43887439370155334,0.6921303868293762,-0.24042749404907227,0.9934466481208801,0.49431994557380676,0.6608695387840271,-0.2678580582141876,0.9991031885147095,0.44547659158706665,0.6291790008544922,-0.12477561086416245,0.9996575713157654,0.5389020442962646,0.7455168962478638,-0.2911108136177063,0.9608442187309265,0.44319069385528564,0.6904283761978149,-0.048209402710199356,0.04327879846096039,0.5248691439628601,0.8431769609451294,-0.3216654062271118,0.8958083987236023,0.4374910295009613,0.7708927392959595,-0.06506839394569397,0.3733634054660797,0.5164549946784973,0.8631371259689331,-0.35702890157699585,0.8448731899261475,0.42368975281715393,0.780859112739563,-0.07767152041196823,0.3573604226112366,0.5088680982589722,0.852203905582428,-0.3571198284626007,0.8498203754425049,0.42679256200790405,0.7831284403800964,-0.10070343315601349,0.37329837679862976,0.5115543007850647,0.84459388256073,-0.3231845498085022,0.7153395414352417,0.43455973267555237,0.7810384631156921,-0.0761161521077156,0.3218810558319092,0.5630285143852234,0.6643192172050476,-0.04858435317873955,0.9983896017074585,0.5419617891311646,0.6524612307548523,0.04852062091231346,0.998796284198761,0.6112291812896729,0.6898021697998047,0.11481118947267532,0.06745722144842148,0.5885918736457825,0.6750956773757935,0.19702039659023285,0.0023625344038009644,0.6477130651473999,0.673518717288971,0.2696782052516937,0.12771640717983246,0.6264010667800903,0.6769444942474365,0.36172741651535034,0.0074640000239014626,0.6588126420974731,0.6611537337303162,0.28228700160980225,0.15744265913963318,0.645763099193573,0.6656428575515747,0.37768009305000305,0.019619621336460114,0.6481725573539734,0.7152755260467529,0.2436927855014801,0.11218282580375671,0.6289227604866028,0.7094422578811646,0.34940364956855774,0.01661047711968422,4
0.4357174336910248,0.6851578950881958,-0.26360318064689636,0.9905127286911011,0.43276557326316833,0.6743128299713135,-0.276665598154068,0.9875949025154114,0.4338642656803131,0.6708667278289795,-0.27683955430984497,0.9840089082717896,0.4350302815437317,0.6674986481666565,-0.27677610516548157,0.9890458583831787,0.43037712574005127,0.6764815449714661,-0.25956976413726807,0.9901205897331238,0.42975255846977234,0.6747171878814697,-0.2598377764225006,0.9902071952819824,0.4290345311164856,0.6730782389640808,-0.2599993050098419,0.9957615733146667,0.4410916864871979,0.6488656401634216,-0.289492130279541,0.9760991334915161,0.43187448382377625,0.6577219367027283,-0.21223486959934235,0.9847822189331055,0.44390788674354553,0.6774231791496277,-0.26184070110321045,0.987628698348999,0.4407738745212555,0.6804619431495667,-0.24067263305187225,0.9904360771179199,0.4942980408668518,0.6468319296836853,-0.2766050398349762,0.9988971948623657,0.44654351472854614,0.6240791082382202,-0.12550358474254608,0.9996493458747864,0.5347421765327454,0.7453787922859192,-0.3064437508583069,0.9542986750602722,0.4435650110244751,0.6906931400299072,-0.05011599138379097,0.04520123451948166,0.5243350863456726,0.8433063626289368,-0.34264129400253296,0.8942623138427734,0.4375908076763153,0.7712938189506531,-0.06775660812854767,0.3969869017601013,0.516431450843811,0.8635473251342773,-0.3807849884033203,0.8437369465827942,0.4235597848892212,0.7812802195549011,-0.08064643293619156,0.3783896863460541,0.5084506273269653,0.8523482084274292,-0.38013821840286255,0.8493388891220093,0.4266023635864258,0.7833772301673889,-0.10483933240175247,0.3969202935695648,0.510822057723999,0.844964325428009,-0.34430426359176636,0.709194004535675,0.4342402517795563,0.7813093066215515,-0.07935930043458939,0.3398781716823578,0.563470721244812,0.6604000329971313,-0.05139697715640068,0.998168408870697,0.5428970456123352,0.6502187848091125,0.05132536217570305,0.9986959099769592,0.609962522983551,0.6900830864906311,0.11497913300991058,0.06098078191280365,0.5897094011306763,0.6756343245506287,0.2037939876317978,0.0021399359684437513,0.6471166610717773,0.6782559156417847,0.2740635871887207,0.11590135842561722,0.6273348927497864,0.6780371069908142,0.36987707018852234,0.006762735079973936,0.6585341095924377,0.6680980920791626,0.28682273626327515,0.14373044669628143,0.6445853114128113,0.6715391874313354,0.38606008887290955,0.017860330641269684,0.6461136937141418,0.7167251110076904,0.24724647402763367,0.1021338477730751,0.6290034055709839,0.709444522857666,0.3581690788269043,0.01513078436255455,4
0.4361880421638489,0.6767835021018982,-0.2635543942451477,0.9868643283843994,0.43324869871139526,0.6659889221191406,-0.2771277129650116,0.9823552966117859,0.43451908230781555,0.6621258854866028,-0.27730777859687805,0.9775369167327881,0.43586471676826477,0.6583585143089294,-0.2772470712661743,0.98440021276474,0.43058621883392334,0.6690487861633301,-0.25997012853622437,0.9861316680908203,0.4299589991569519,0.6676889657974243,-0.2602442800998688,0.9864847660064697,0.4292244613170624,0.6665104627609253,-0.2604195475578308,0.9942386746406555,0.44243472814559937,0.6378229260444641,-0.29185590147972107,0.9672032594680786,0.43246421217918396,0.6492568254470825,-0.2140667587518692,0.9798129200935364,0.4447539448738098,0.6697262525558472,-0.2625179588794708,0.983591616153717,0.44146284461021423,0.6731881499290466,-0.24117067456245422,0.9876701831817627,0.4941510856151581,0.6326863765716553,-0.282817542552948,0.9987367987632751,0.44674748182296753,0.6207740902900696,-0.13030242919921875,0.9996506571769714,0.5310243964195251,0.7451781630516052,-0.3116087019443512,0.9492335319519043,0.44389063119888306,0.6918694376945496,-0.06166519969701767,0.04956831410527229,0.5235981345176697,0.8434800505638123,-0.3424989879131317,0.892422080039978,0.4374173879623413,0.7729089856147766,-0.08486155420541763,0.42752647399902344,0.5160486698150635,0.8650521039962769,-0.38034385442733765,0.8424026370048523,0.4226263165473938,0.7823123931884766,-0.0989796444773674,0.4067862629890442,0.5079993009567261,0.8534247875213623,-0.38070568442344666,0.8488684296607971,0.42556822299957275,0.7842126488685608,-0.1233535185456276,0.42743632197380066,0.5102140307426453,0.8460419774055481,-0.34451454877853394,0.7047333121299744,0.43356531858444214,0.7823359370231628,-0.0967031940817833,0.366329550743103,0.5637919902801514,0.6562539339065552,-0.05317704752087593,0.9980725646018982,0.5430225729942322,0.6512162089347839,0.05310264602303505,0.9986724853515625,0.6099663972854614,0.6903691291809082,0.11509199440479279,0.05522182583808899,0.5896177887916565,0.6757345199584961,0.20923590660095215,0.0019436869770288467,0.6479252576828003,0.6776617765426636,0.27350419759750366,0.10549767315387726,0.6272298693656921,0.6779654026031494,0.37431514263153076,0.0061404830776154995,0.6585794687271118,0.6669774055480957,0.28617385029792786,0.13159698247909546,0.6471961736679077,0.67081218957901,0.39059358835220337,0.01631356216967106,0.6478140950202942,0.7171155214309692,0.2474679946899414,0.09338685125112534,0.6293359398841858,0.709356963634491,0.36472493410110474,0.013845492154359818,4
0.4370642602443695,0.6710628867149353,-0.26174435019493103,0.9850009679794312,0.4339364171028137,0.6612598896026611,-0.2751476466655731,0.9796698093414307,0.4352322816848755,0.6575173139572144,-0.2753261625766754,0.9742791652679443,0.43671858310699463,0.6534687280654907,-0.2752598226070404,0.9819570779800415,0.4313448369503021,0.6637977361679077,-0.2576594650745392,0.984157383441925,0.43071871995925903,0.6623240113258362,-0.25793617963790894,0.984717845916748,0.4299904406070709,0.6610650420188904,-0.2581132650375366,0.9935278296470642,0.44468578696250916,0.6302777528762817,-0.28935110569000244,0.9627318382263184,0.43364858627319336,0.642118513584137,-0.21033398807048798,0.9776184558868408,0.44601136445999146,0.6645851135253906,-0.2605200707912445,0.9815307855606079,0.4427834153175354,0.6673059463500977,-0.23881830275058746,0.9864075183868408,0.49484747648239136,0.6263183951377869,-0.2800460159778595,0.9986445307731628,0.44751298427581787,0.6166576743125916,-0.12620887160301208,0.9996594190597534,0.5273587703704834,0.741875410079956,-0.3075474202632904,0.9477532505989075,0.4439399540424347,0.6912211179733276,-0.054634518921375275,0.05458517000079155,0.5236373543739319,0.8438162803649902,-0.33758002519607544,0.8939065337181091,0.43744590878486633,0.7729050517082214,-0.07612517476081848,0.46101370453834534,0.5159371495246887,0.865790843963623,-0.37454837560653687,0.8447096943855286,0.4224683344364166,0.7822292447090149,-0.08983060717582703,0.4383574426174164,0.5079458951950073,0.8545898199081421,-0.3750966489315033,0.8516991138458252,0.42526519298553467,0.7844225168228149,-0.11390630900859833,0.4604533016681671,0.5101211071014404,0.8473455309867859,-0.3394511938095093,0.7064560055732727,0.4331676661968231,0.782728910446167,-0.08777374774217606,0.3964675962924957,0.564468264579773,0.6548842191696167,-0.05382029339671135,0.9980089664459229,0.5435926914215088,0.6509011387825012,0.053751759231090546,0.9986659288406372,0.6112741231918335,0.6906813979148865,0.11630963534116745,0.05012812092900276,0.5900816321372986,0.6756783127784729,0.20642225444316864,0.0017737698508426547,0.6478046178817749,0.6760532855987549,0.2751787602901459,0.09627420455217361,0.628977358341217,0.6761566996574402,0.36782968044281006,0.005589939653873444,0.6588340997695923,0.6667881608009338,0.28773555159568787,0.12082553654909134,0.6469639539718628,0.6707238554954529,0.3836768567562103,0.014957080595195293,0.64833003282547,0.7170985341072083,0.24832452833652496,0.0857175812125206,0.630585253238678,0.709298312664032,0.35796305537223816,0.012738801538944244,4
0.43730974197387695,0.6681616902351379,-0.2635710537433624,0.9845681190490723,0.4342523515224457,0.6587736010551453,-0.27751368284225464,0.978934645652771,0.4354795515537262,0.655577540397644,-0.2776915729045868,0.9733716249465942,0.4369392693042755,0.6522314548492432,-0.27762630581855774,0.9812455177307129,0.43198853731155396,0.6606241464614868,-0.2600192725658417,0.9836965799331665,0.43140509724617004,0.6593075394630432,-0.26029255986213684,0.9843496084213257,0.43070799112319946,0.6579620242118835,-0.26046907901763916,0.9933948516845703,0.4446207582950592,0.628921389579773,-0.29345354437828064,0.9617096781730652,0.434519499540329,0.6379519701004028,-0.21413016319274902,0.9773460030555725,0.446615070104599,0.6608425378799438,-0.26285627484321594,0.9812309741973877,0.4432819187641144,0.6638059020042419,-0.24109162390232086,0.9862779378890991,0.49537962675094604,0.6209507584571838,-0.28596702218055725,0.9986231327056885,0.44855359196662903,0.6185851693153381,-0.13120494782924652,0.9996752142906189,0.5262622237205505,0.740059494972229,-0.31642448902130127,0.9471877217292786,0.444095641374588,0.6926652789115906,-0.06439515203237534,0.06495344638824463,0.5236451625823975,0.8443096876144409,-0.34611719846725464,0.8954429626464844,0.4368630349636078,0.7738593220710754,-0.08932507783174515,0.49774035811424255,0.5159116387367249,0.8658249974250793,-0.38348978757858276,0.8469560146331787,0.4224734902381897,0.7822043895721436,-0.10402436554431915,0.4734119474887848,0.5079509019851685,0.8545985817909241,-0.3841201663017273,0.8546109199523926,0.4252387583255768,0.7848675847053528,-0.1282547265291214,0.4963885247707367,0.5101330280303955,0.8475085496902466,-0.3480544686317444,0.7087259888648987,0.4327572286128998,0.7833952903747559,-0.10119356960058212,0.4309099614620209,0.5647945404052734,0.652064323425293,-0.05451906844973564,0.9979362487792969,0.5440165400505066,0.650929868221283,0.054455194622278214,0.9986666440963745,0.6113942265510559,0.6907429695129395,0.11785294115543365,0.04546690359711647,0.5913515686988831,0.6753330826759338,0.21119099855422974,0.0016189899761229753,0.6477591395378113,0.6763371229171753,0.27837294340133667,0.08773991465568542,0.6307163834571838,0.6753479242324829,0.3707543909549713,0.005096450448036194,0.6588124632835388,0.6679854989051819,0.2910573184490204,0.11092855781316757,0.6464586853981018,0.6703168749809265,0.38624107837677,0.01375413779169321,0.6483259797096252,0.7171286940574646,0.25132301449775696,0.07866640388965607,0.6316061019897461,0.7092157602310181,0.3582499325275421,0.011765489354729652,4
0.43786293268203735,0.6699567437171936,-0.26804473996162415,0.984645426273346,0.434975802898407,0.6589506268501282,-0.2821730673313141,0.9788635969161987,0.4362359046936035,0.6561517715454102,-0.2823437452316284,0.9733068346977234,0.43772298097610474,0.6533272862434387,-0.28227394819259644,0.9811491370201111,0.4325687289237976,0.6609331965446472,-0.26418107748031616,0.9836968779563904,0.43193838000297546,0.6596563458442688,-0.2644539773464203,0.9843842387199402,0.431177020072937,0.658542275428772,-0.26462966203689575,0.9934356212615967,0.44551882147789,0.6312560439109802,-0.2977685034275055,0.961578369140625,0.43493977189064026,0.6404549479484558,-0.21636204421520233,0.9775343537330627,0.4471696615219116,0.6622775793075562,-0.2670842409133911,0.981348991394043,0.4437299966812134,0.6652213335037231,-0.24472472071647644,0.9864022731781006,0.4958164393901825,0.6219486594200134,-0.2900365889072418,0.9986347556114197,0.44993194937705994,0.6171591281890869,-0.129409059882164,0.9996922612190247,0.5264657735824585,0.7395249009132385,-0.3201821744441986,0.9474383592605591,0.44461897015571594,0.6915108561515808,-0.05628933757543564,0.07215908169746399,0.5238468647003174,0.8445128202438354,-0.35025280714035034,0.8986086249351501,0.4364059269428253,0.7739428281784058,-0.0760587751865387,0.5312952399253845,0.5159679651260376,0.865809440612793,-0.3878612220287323,0.8513317704200745,0.4224390685558319,0.7822518348693848,-0.08959278464317322,0.505862832069397,0.5082079768180847,0.854511559009552,-0.3883705735206604,0.8593149781227112,0.4252488315105438,0.7849680781364441,-0.11409174650907516,0.5293595790863037,0.5104305744171143,0.8474884033203125,-0.35203367471694946,0.7145429253578186,0.43262964487075806,0.7834637761116028,-0.08787738531827927,0.46246013045310974,0.5651775598526001,0.6536312103271484,-0.0559331513941288,0.9978533387184143,0.5457388162612915,0.6507031917572021,0.05587700381875038,0.9986587762832642,0.6129140257835388,0.6914944648742676,0.11764228343963623,0.04122040420770645,0.5942053198814392,0.6753911375999451,0.20784156024456024,0.0014781521167606115,0.6510588526725769,0.6782299280166626,0.2781468331813812,0.0798439085483551,0.6376134157180786,0.6745529770851135,0.36535435914993286,0.004640110768377781,0.6628277897834778,0.6696781516075134,0.28974446654319763,0.10181281715631485,0.6502304077148438,0.6700630187988281,0.380828857421875,0.012648590840399265,0.6520652770996094,0.7219398617744446,0.24386470019817352,0.0721069723367691,0.6387788653373718,0.709221363067627,0.3581022620201111,0.010846438817679882,4
0.43764787912368774,0.6734509468078613,-0.2657923102378845,0.9847574234008789,0.43497151136398315,0.6635698676109314,-0.28126728534698486,0.9790031313896179,0.4362241327762604,0.6610814332962036,-0.2814377546310425,0.9735395908355713,0.4376092851161957,0.6587511301040649,-0.28136712312698364,0.9813258051872253,0.4326157867908478,0.6645292043685913,-0.262156218290329,0.9838060140609741,0.4320182204246521,0.6629877686500549,-0.2624231278896332,0.9845117330551147,0.43127837777137756,0.6615089178085327,-0.2625972330570221,0.9935117959976196,0.44525986909866333,0.6380062699317932,-0.3027867078781128,0.962223470211029,0.43506234884262085,0.6442433595657349,-0.21585601568222046,0.9778909087181091,0.4467357099056244,0.6671894192695618,-0.26687294244766235,0.981995165348053,0.4435010552406311,0.669139564037323,-0.24301591515541077,0.9868277907371521,0.4962101876735687,0.6279153823852539,-0.297337144613266,0.9986699819564819,0.4511861801147461,0.6133400797843933,-0.1288241744041443,0.9997092485427856,0.5277649760246277,0.7385674715042114,-0.32989850640296936,0.9481073617935181,0.44477424025535583,0.6880665421485901,-0.05496007949113846,0.07871732860803604,0.5240848064422607,0.8445247411727905,-0.36058032512664795,0.9019443392753601,0.4362630248069763,0.773859977722168,-0.07693631947040558,0.5599706768989563,0.516099214553833,0.8657940626144409,-0.3985340893268585,0.855658233165741,0.42254188656806946,0.78241366147995,-0.09079037606716156,0.5332842469215393,0.5085976123809814,0.8543473482131958,-0.3987257778644562,0.8639029264450073,0.42537471652030945,0.7851058840751648,-0.11565802991390228,0.5574676394462585,0.5109103322029114,0.8473919034004211,-0.36210882663726807,0.7199114561080933,0.4327371418476105,0.7834348082542419,-0.08906339854001999,0.4891822636127472,0.5657161474227905,0.6545369029045105,-0.05795259401202202,0.9977478384971619,0.5468654632568359,0.649448037147522,0.05789577215909958,0.9986402988433838,0.6130733489990234,0.6915320158004761,0.12093261629343033,0.037376973778009415,0.5939706563949585,0.6755304932594299,0.21852384507656097,0.001353843486867845,0.6510604023933411,0.6801661849021912,0.28441542387008667,0.07278048247098923,0.6389779448509216,0.6742440462112427,0.3794594705104828,0.004247390665113926,0.6626322865486145,0.671296238899231,0.2971178889274597,0.09350302070379257,0.6512709259986877,0.6700005531311035,0.395122230052948,0.011710738763213158,0.6518734693527222,0.7222535014152527,0.2530762553215027,0.06631757318973541,0.6399202942848206,0.7091026902198792,0.3660939335823059,0.010105281136929989,4
0.43795859813690186,0.6773642897605896,-0.2665005028247833,0.9845128655433655,0.4350525736808777,0.6684878468513489,-0.2815893590450287,0.9786512851715088,0.43621745705604553,0.6664311289787292,-0.28175830841064453,0.9731553792953491,0.4374748170375824,0.6644206047058105,-0.28168871998786926,0.9811169505119324,0.4327266812324524,0.6692095994949341,-0.26278114318847656,0.9834122061729431,0.43211355805397034,0.6677631735801697,-0.2630477547645569,0.9841001629829407,0.43137025833129883,0.6664314270019531,-0.2632182538509369,0.9933578372001648,0.44470277428627014,0.6442294716835022,-0.3008049428462982,0.9619895219802856,0.43477168679237366,0.6496027112007141,-0.21558979153633118,0.977345883846283,0.44667699933052063,0.6718972325325012,-0.26675406098365784,0.982140302658081,0.44373950362205505,0.6730932593345642,-0.24330563843250275,0.9867820739746094,0.49601641297340393,0.6323625445365906,-0.2932131886482239,0.9987190365791321,0.45100727677345276,0.6176562905311584,-0.12785829603672028,0.9997231364250183,0.5288230776786804,0.7381546497344971,-0.32628023624420166,0.9492359757423401,0.44510215520858765,0.6882026791572571,-0.04918629303574562,0.08095096051692963,0.5242823958396912,0.844512403011322,-0.36073237657546997,0.9061004519462585,0.436338871717453,0.7737992405891418,-0.06287664920091629,0.5829542875289917,0.5162720084190369,0.8657770752906799,-0.3986552059650421,0.8610848188400269,0.4226219356060028,0.782447099685669,-0.07527247071266174,0.5548486709594727,0.508880078792572,0.8542300462722778,-0.39865854382514954,0.8695049285888672,0.4254390597343445,0.7851282954216003,-0.10011930018663406,0.5799753665924072,0.5112501382827759,0.8472985029220581,-0.3622415363788605,0.7278340458869934,0.43314021825790405,0.7834124565124512,-0.07470545917749405,0.5095462203025818,0.5656346082687378,0.6559911370277405,-0.057648904621601105,0.9976523518562317,0.5465157628059387,0.6504835486412048,0.05759725719690323,0.998615026473999,0.6139922738075256,0.6896612644195557,0.1198628693819046,0.03380957990884781,0.5935987234115601,0.6763904094696045,0.21269947290420532,0.001234359573572874,0.6510870456695557,0.6821821331977844,0.2801787555217743,0.06601575762033463,0.6391443014144897,0.6742806434631348,0.3720912039279938,0.0038629435002803802,0.6624681353569031,0.6727825403213501,0.29281485080718994,0.08547067642211914,0.6519461870193481,0.669797420501709,0.38770774006843567,0.010753942653536797,0.6515365839004517,0.7229546308517456,0.251637727022171,0.060529496520757675,0.640342116355896,0.709112823009491,0.3639002740383148,0.009291162714362144,4
0.43714094161987305,0.6824949979782104,-0.2485995888710022,0.9841544032096863,0.43465369939804077,0.6733970642089844,-0.26413285732269287,0.9782742857933044,0.43599429726600647,0.6710125803947449,-0.2643032670021057,0.9728794097900391,0.43734484910964966,0.6685875654220581,-0.2642460763454437,0.9809843897819519,0.4322161376476288,0.6744008660316467,-0.24474772810935974,0.9829163551330566,0.4317803680896759,0.6728652715682983,-0.24500922858715057,0.9836499094963074,0.43123480677604675,0.6713730096817017,-0.245177760720253,0.9931488633155823,0.44450774788856506,0.6465169787406921,-0.2908764183521271,0.9625701904296875,0.43457305431365967,0.6540874242782593,-0.20080813765525818,0.9769287109375,0.4460986256599426,0.6763670444488525,-0.2511441111564636,0.9827195405960083,0.4431647062301636,0.678125262260437,-0.22688372433185577,0.9870477318763733,0.4959231913089752,0.6424704194068909,-0.2844815254211426,0.9987953901290894,0.4506048262119293,0.6202678084373474,-0.1134737879037857,0.9997378587722778,0.531904399394989,0.7378000617027283,-0.3116075098514557,0.9508252739906311,0.44517597556114197,0.6884042620658875,-0.03541917726397514,0.08240993320941925,0.5244806408882141,0.8445534706115723,-0.34523656964302063,0.9111701846122742,0.43636685609817505,0.7737234830856323,-0.05657399445772171,0.6063715815544128,0.5164729356765747,0.8657664656639099,-0.38140755891799927,0.8678393959999084,0.4226841926574707,0.7824500203132629,-0.06721639633178711,0.5780214071273804,0.5091999769210815,0.8540753722190857,-0.38103264570236206,0.8760820627212524,0.4254757761955261,0.7851237058639526,-0.09028360247612,0.6032945513725281,0.5115031003952026,0.8472099304199219,-0.34635207056999207,0.737484335899353,0.4332825243473053,0.78339022397995,-0.06701802462339401,0.5312623381614685,0.5660017132759094,0.6619656682014465,-0.05800651013851166,0.9976198077201843,0.5468530058860779,0.6513097286224365,0.05796188861131668,0.9986106753349304,0.6158839464187622,0.6901182532310486,0.11691936105489731,0.030652469024062157,0.5955631136894226,0.677423357963562,0.2098856270313263,0.0011317644966766238,0.6510934233665466,0.6839261054992676,0.2736891210079193,0.05997929349541664,0.6424914002418518,0.6741495728492737,0.3586261570453644,0.003521920647472143,0.6647273898124695,0.6736994981765747,0.2859208881855011,0.078262560069561,0.6552693247795105,0.6686787605285645,0.3731865882873535,0.009921043179929256,0.651499330997467,0.7235658168792725,0.2445693463087082,0.055366355925798416,0.6423174142837524,0.7091234922409058,0.34577056765556335,0.00858017336577177,4
